Yield,All,>3l,1_SFOS,Z_window,>6l,6l,5l,4l,3_SFOS,ZZZ_>6l,ZZZ_6l,>=5l,2_SFOS,Z_window,B_veto60,B_veto70,B_veto77,B_veto85,WZZ_>6l,WZZ_6l,WZZ_5l,>=4l,Dilepton,B_veto60,B_veto70,B_veto77,B_veto85,WWZ_>6l,WWZ_6l,WWZ_5l,WWZ_4l
llll,30824.53907 ,8516.20732 ,8261.701274 ,5039.794404 ,0.0004894472368 ,0.5729601888 ,36.29270025 ,5002.928254 ,0.3306930582 ,0.001431226847 ,0.3292618313 ,36.50610327 ,33.85327403 ,18.42818323 ,17.71913261 ,17.53052494 ,17.25266753 ,16.69706265 ,0 ,0.1254019472 ,18.30278128 ,5020.064972 ,4317.969274 ,4248.946427 ,4224.118828 ,4188.057702 ,4080.489731 ,0.001191835152 ,0.05484805573 ,9.056996823 ,4308.856237 WWZ_4l2v,115.5476551 ,39.0927099 ,37.76988245 ,35.63467619 ,0 ,0.002636216715 ,0.2628000356 ,35.36923994 ,3.157270112e-05 ,0 ,3.157270112e-05 ,0.265402057 ,0.1823646903 ,0.03465932285 ,0.03038756295 ,0.02950792725 ,0.02948571798 ,0.02738574534 ,0 ,0.001989783254 ,0.03266953959 ,35.59872397 ,34.73728965 ,34.27732271 ,34.02704049 ,33.60331308 ,32.08967006 ,0 ,0.0004075995239 ,0.1986706247 ,34.53821143 WZZ_5l1v,16.62554742 ,8.916148093 ,8.646924743 ,8.331500751 ,0.0006577427121 ,0.02645518726 ,2.899839756 ,5.404548065 ,0.007148205107 ,0.00032318577 ,0.006825019337 ,2.919356649 ,2.719903199 ,2.267132299 ,2.23334379 ,2.214136904 ,2.185894671 ,2.087665078 ,0.0001390018442 ,0.01286104713 ,2.25413225 ,5.958590403 ,5.819741587 ,5.733839244 ,5.654863911 ,5.470299486 ,4.974189154 ,0 ,0.004171545185 ,0.5183859767 ,5.297184066 ZZZ_6l0v,1.547099816 ,1.060228994 ,1.03027158 ,1.007084225 ,0.001740063013 ,0.1808595151 ,0.3164830573 ,0.5080015898 ,0.1612577661 ,0.001612391473 ,0.1596453747 ,0.3285109464 ,0.3063895376 ,0.2554930397 ,0.2530191206 ,0.250691273 ,0.2446553891 ,0.2260614433 ,1.522959064e-05 ,0.009729944024 ,0.2457478661 ,0.5696008434 ,0.5560287091 ,0.5478282217 ,0.5343520124 ,0.5008080049 ,0.4237938123 ,0 ,0.001566197654 ,0.05666360391 ,0.4977989076 ZZZ_4l2v,5.518359539 ,2.466437459 ,2.399445552 ,2.374124459 ,0 ,0.0003299953896 ,0.01750828438 ,2.35628618 ,0.000322251246 ,0 ,0.000322251246 ,0.01750828438 ,0.01624387546 ,0.0123139742 ,0.01214529051 ,0.01215275053 ,0.01182604796 ,0.01143758838 ,0 ,0 ,0.0123139742 ,2.3608667 ,2.332958161 ,2.310249622 ,2.298887214 ,2.278644935 ,2.216100821 ,0 ,0 ,0.00305199227 ,2.329906169 
